product_id,product_name,category,main_category,sub_category,discounted_price_clean,actual_price_clean,discount_pct_clean,rating_clean,rating_count_clean,economia_absoluta,faixa_preco,faixa_desconto,volume_reviews_bin,img_link,product_link,review_rows,PSI
B0912WJ87V,"Reffair AX30 [MAX] Portable Air Purifier for Car, Home & Office | Smart Ionizer Function | H13 Grade True HEPA Filter [Internationally Tested] Aromabuds Fragrance Option - Black",Car&Motorbike|CarAccessories|InteriorAccessories|AirPurifiers&Ionizers,Car&Motorbike,CarAccessories,2339.0,4000.0,42.0,3.8,1118.0,1661.0,premium,medium,high,https://m.media-amazon.com/images/W/WEBP_402378-T2/images/I/31y+z3bqZcL._SY300_SX300_.jpg,https://www.amazon.in/Reffair-AX30-MAX-Internationally-Aromabuds/dp/B0912WJ87V/ref=sr_1_164?qid=1672923598&s=kitchen&sr=1-164,1,52.63672070861357
B00NH11KIK,"AmazonBasics USB 2.0 Cable - A-Male to B-Male - for Personal Computer, Printer- 6 Feet (1.8 Meters), Black",Computers&Accessories|Accessories&Peripherals|Cables&Accessories|Cables|USBCables,Computers&Accessories,Accessories&Peripherals,209.0,695.0,70.0,4.5,107687.0,486.0,budget,high,high,https://m.media-amazon.com/images/I/4101vlzySzL._SY300_SX300_QL70_FMwebp_.jpg,https://www.amazon.in/AmazonBasics-USB-2-0-Cable-Male/dp/B00NH11KIK/ref=sr_1_44?qid=1672909125&s=electronics&sr=1-44,2,82.88727372821958
B00NH11PEY,"AmazonBasics USB 2.0 - A-Male to A-Female Extension Cable for Personal Computer, Printer (Black, 9.8 Feet/3 Meters)",Computers&Accessories|Accessories&Peripherals|Cables&Accessories|Cables|USBCables,Computers&Accessories,Accessories&Peripherals,199.0,750.0,73.0,4.5,74976.0,551.0,budget,high,high,https://m.media-amazon.com/images/W/WEBP_402378-T2/images/I/41Fqm0bR7PL._SX300_SY300_QL70_FMwebp_.jpg,https://www.amazon.in/AmazonBasics-Extension-Cable-Male-Female/dp/B00NH11PEY/ref=sr_1_34?qid=1672909125&s=electronics&sr=1-34,2,82.6172099910518
B00NH13Q8W,"AmazonBasics USB 2.0 Extension Cable for Personal Computer, Printer, 2-Pack - A-Male to A-Female - 3.3 Feet (1 Meter, Black)",Computers&Accessories|Accessories&Peripherals|Cables&Accessories|Cables|USBCables,Computers&Accessories,Accessories&Peripherals,299.0,800.0,63.0,4.5,74977.0,501.0,budget,high,high,https://m.media-amazon.com/images/I/41WuKPTQhTL._SY300_SX300_QL70_FMwebp_.jpg,https://www.amazon.in/AmazonBasics-Extension-Cable-2-Pack-Female/dp/B00NH13Q8W/ref=sr_1_233?qid=1672909135&s=electronics&sr=1-233,1,79.95767486326466
B005FYNT3G,SanDisk Cruzer Blade 32GB USB Flash Drive,Computers&Accessories|ExternalDevices&DataStorage|PenDrives,Computers&Accessories,ExternalDevices&DataStorage,289.0,650.0,56.0,4.3,253105.0,361.0,budget,high,high,https://m.media-amazon.com/images/I/310mw9KTJvL._SY300_SX300_QL70_FMwebp_.jpg,https://www.amazon.in/SanDisk-Cruzer-Blade-Flash-Drive/dp/B005FYNT3G/ref=sr_1_5?qid=1672902995&s=computers&sr=1-5,1,79.01787489854958
B01N6LU1VF,SanDisk Ultra Dual 64 GB USB 3.0 OTG Pen Drive (Black),Computers&Accessories|ExternalDevices&DataStorage|PenDrives,Computers&Accessories,ExternalDevices&DataStorage,579.0,1400.0,59.0,4.3,189104.0,821.0,mid,high,high,https://m.media-amazon.com/images/I/41sAt4BZydL._SX300_SY300_QL70_FMwebp_.jpg,https://www.amazon.in/SanDisk-Ultra-Dual-64GB-Drive/dp/B01N6LU1VF/ref=sr_1_145?qid=1672903002&s=computers&sr=1-145,1,78.9559104265892
B08GTYFC37,"SanDisk 1TB Extreme Portable SSD 1050MB/s R, 1000MB/s W,Upto 2 Meter Drop Protection with IP55 Water/dust Resistance, HW Encryption, PC,MAC & TypeC Smartphone Compatible, 5Y Warranty, External SSD",Computers&Accessories|ExternalDevices&DataStorage|ExternalSolidStateDrives,Computers&Accessories,ExternalDevices&DataStorage,10389.0,32000.0,68.0,4.4,41398.0,21611.0,luxury,high,high,https://m.media-amazon.com/images/I/41Iln5A+8HL._SY300_SX300_.jpg,https://www.amazon.in/SanDisk-Portable-Smartphone-Compatible-Warranty/dp/B08GTYFC37/ref=sr_1_392?qid=1672903014&s=computers&sr=1-392,1,78.20222711625723
B07XCM6T4N,STRIFF Adjustable Laptop Tabletop Stand Patented Riser Ventilated Portable Foldable Compatible with MacBook Notebook Tablet Tray Desk Table Book with Free Phone Stand (Black),Computers&Accessories|Accessories&Peripherals|LaptopAccessories|NotebookComputerStands,Computers&Accessories,Accessories&Peripherals,349.0,1499.0,77.0,4.3,24791.0,1150.0,budget,high,high,https://m.media-amazon.com/images/I/51aYKwgu-GL._SX300_SY300_QL70_FMwebp_.jpg,https://www.amazon.in/STRIFF-Adjustable-Patented-Ventilated-Compatible/dp/B07XCM6T4N/ref=sr_1_13?qid=1672902995&s=computers&sr=1-13,1,77.75012649763215
B07DC4RZPY,"Amazon Basics USB A to Lightning MFi Certified Charging Cable (White, 1.2 meter)",Computers&Accessories|Accessories&Peripherals|Cables&Accessories|Cables|USBCables,Computers&Accessories,Accessories&Peripherals,709.0,1999.0,65.0,4.1,178817.0,1290.0,mid,high,high,https://m.media-amazon.com/images/W/WEBP_402378-T2/images/I/31VSKlEpP-L._SX300_SY300_QL70_FMwebp_.jpg,https://www.amazon.in/AmazonBasics-Certified-Lightning-Charge-Meters/dp/B07DC4RZPY/ref=sr_1_211?qid=1672909134&s=electronics&sr=1-211,1,77.72000376579152
B097C564GC,"rts [2 Pack] Mini USB C Type C Adapter Plug, Type C Female to USB A Male Charger Charging Cable Adapter Converter compatible for iPhone, Samsung S20 ultra/S21/S10/S8/S9/MacBook Pro iPad Silver",Computers&Accessories|Accessories&Peripherals|Adapters|USBtoUSBAdapters,Computers&Accessories,Accessories&Peripherals,294.0,4999.0,94.0,4.3,4426.0,4705.0,budget,high,high,https://m.media-amazon.com/images/W/WEBP_402378-T2/images/I/3172BJyynBS._SY300_SX300_QL70_FMwebp_.jpg,https://www.amazon.in/rts-Adapter-Charging-Converter-compatible/dp/B097C564GC/ref=sr_1_121?qid=1672903001&s=computers&sr=1-121,1,77.1897714815061
B0711PVX6Z,"AmazonBasics Micro USB Fast Charging Cable for Android Phones with Gold Plated Connectors (3 Feet, Black)",Computers&Accessories|Accessories&Peripherals|Cables&Accessories|Cables|USBCables,Computers&Accessories,Accessories&Peripherals,179.0,500.0,64.0,4.2,92595.0,321.0,budget,high,high,https://m.media-amazon.com/images/W/WEBP_402378-T1/images/I/31iESA2h2gL._SY300_SX300_QL70_FMwebp_.jpg,https://www.amazon.in/AmazonBasics-Micro-Charging-Android-Phones/dp/B0711PVX6Z/ref=sr_1_55?qid=1672909126&s=electronics&sr=1-55,1,76.84615679969032
B014I8SX4Y,"Amazon Basics High-Speed HDMI Cable, 6 Feet (2-Pack),Black","Electronics|HomeTheater,TV&Video|Accessories|Cables|HDMICables",Electronics,"HomeTheater,TV&Video",309.0,1400.0,78.0,4.4,426973.0,1091.0,budget,high,high,https://m.media-amazon.com/images/I/41eJqkFjCRL._SY300_SX300_QL70_FMwebp_.jpg,https://www.amazon.in/AmazonBasics-High-Speed-Cable-2-Pack-Black/dp/B014I8SX4Y/ref=sr_1_73?qid=1672909128&s=electronics&sr=1-73,1,87.74468085106383
B07KSMBL2H,"AmazonBasics Flexible Premium HDMI Cable (Black, 4K@60Hz, 18Gbps), 3-Foot","Electronics|HomeTheater,TV&Video|Accessories|Cables|HDMICables",Electronics,"HomeTheater,TV&Video",219.0,700.0,69.0,4.4,426973.0,481.0,budget,high,high,https://m.media-amazon.com/images/I/41nPYaWA+ML._SY300_SX300_.jpg,https://www.amazon.in/AmazonBasics-Flexible-HDMI-Cable-3-Foot/dp/B07KSMBL2H/ref=sr_1_14?qid=1672909124&s=electronics&sr=1-14,2,85.35106382978724
B07Q4QV1DL,"ELV Aluminum Adjustable Mobile Phone Foldable Tabletop Stand Dock Mount for All Smartphones, Tabs, Kindle, iPad (Black)",Electronics|Mobiles&Accessories|MobileAccessories|Stands,Electronics,Mobiles&Accessories,269.0,1499.0,82.0,4.5,28978.0,1230.0,budget,high,high,https://m.media-amazon.com/images/I/31hDWwY8iWL._SX300_SY300_QL70_ML2_.jpg,https://www.amazon.in/Aluminum-Adjustable-Mobile-Foldable-Smartphones/dp/B07Q4QV1DL/ref=sr_1_149?qid=1672895791&s=electronics&sr=1-149,1,82.20687248932741
B088ZFJY82,"Elv Aluminium Adjustable Mobile Phone Foldable Holder Tabletop Stand Dock Mount for All Smartphones, Tabs, Kindle, iPad (Moonlight Silver)",Electronics|Mobiles&Accessories|MobileAccessories|Stands,Electronics,Mobiles&Accessories,314.0,1499.0,79.0,4.5,28978.0,1185.0,budget,high,high,https://m.media-amazon.com/images/I/41pmcRIe45L._SX300_SY300_QL70_ML2_.jpg,https://www.amazon.in/Aluminium-Adjustable-Mobile-Foldable-Smartphones/dp/B088ZFJY82/ref=sr_1_493?qid=1672895894&s=electronics&sr=1-493,1,81.40900014890188
B09MT84WV5,"Samsung EVO Plus 128GB microSDXC UHS-I U3 130MB/s Full HD & 4K UHD Memory Card with Adapter (MB-MC128KA), Blue",Electronics|Accessories|MemoryCards|MicroSD,Electronics,Accessories,1149.0,3999.0,71.0,4.3,140036.0,2850.0,mid,high,high,https://m.media-amazon.com/images/I/31R6RP26dzL._SY300_SX300_QL70_ML2_.jpg,https://www.amazon.in/Samsung-microSDXC-Memory-Adapter-MB-MC128KA/dp/B09MT84WV5/ref=sr_1_66?qid=1672895762&s=electronics&sr=1-66,2,81.26134133254504
B08L5FM4JC,"SanDisk Ultra microSD UHS-I Card 64GB, 120MB/s R",Electronics|Accessories|MemoryCards|MicroSD,Electronics,Accessories,649.0,2400.0,73.0,4.4,67260.0,1751.0,mid,high,high,https://m.media-amazon.com/images/I/41ML8ZbPiiL._SY300_SX300_QL70_ML2_.jpg,https://www.amazon.in/SanDisk-Ultra-microSD-UHS-I-120MB/dp/B08L5FM4JC/ref=sr_1_312?qid=1672895835&s=electronics&sr=1-312,1,80.96354362237584
B09MT6XSFW,"Samsung EVO Plus 64GB microSDXC UHS-I U1 130MB/s Full HD & 4K UHD Memory Card with Adapter (MB-MC64KA), Blue",Electronics|Accessories|MemoryCards|MicroSD,Electronics,Accessories,599.0,1899.0,68.0,4.3,140036.0,1300.0,mid,high,high,https://m.media-amazon.com/images/I/31P2d7102lL._SY300_SX300_QL70_ML2_.jpg,https://www.amazon.in/Samsung-microSDXC-Memory-Adapter-MB-MC64KA/dp/B09MT6XSFW/ref=sr_1_85?qid=1672895770&s=electronics&sr=1-85,1,80.46346899211952
B07GXHC691,"STRIFF PS2_01 Multi Angle Mobile/Tablet Tabletop Stand. Phone Holder for iPhone, Android, Samsung, OnePlus, Xiaomi. Portable, Foldable Cell Phone Stand. Perfect for Bed, Office, Home & Desktop (Black)",Electronics|Mobiles&Accessories|MobileAccessories|Stands,Electronics,Mobiles&Accessories,99.0,499.0,80.0,4.3,42641.0,400.0,budget,high,high,https://m.media-amazon.com/images/I/31iE517+NFL._SY300_SX300_.jpg,https://www.amazon.in/STRIFF-Mobile-Android-Samsung-OnePlus/dp/B07GXHC691/ref=sr_1_73?qid=1672895770&s=electronics&sr=1-73,1,80.14764213520795
B07GPXXNNG,boAt Bassheads 100 in Ear Wired Earphones with Mic(Taffy Pink),"Electronics|Headphones,Earbuds&Accessories|Headphones|In-Ear",Electronics,"Headphones,Earbuds&Accessories",349.0,999.0,65.0,4.1,363713.0,650.0,budget,high,high,https://m.media-amazon.com/images/I/31J6I7SrLXL._SX300_SY300_QL70_ML2_.jpg,https://www.amazon.in/Boat-BassHeads-100-Inspired-Earphones/dp/B07GPXXNNG/ref=sr_1_21?qid=1672895748&s=electronics&sr=1-21,1,79.81424415376947
B071Z8M4KX,boAt BassHeads 100 in-Ear Wired Headphones with Mic (Black),"Electronics|Headphones,Earbuds&Accessories|Headphones|In-Ear",Electronics,"Headphones,Earbuds&Accessories",365.0,999.0,63.0,4.1,363711.0,634.0,budget,high,high,https://m.media-amazon.com/images/I/31IdiM9ZM8L._SX300_SY300_QL70_FMwebp_.jpg,https://www.amazon.in/boAt-BassHeads-100-Headphones-Black/dp/B071Z8M4KX/ref=sr_1_1?qid=1672902995&s=computers&sr=1-1,1,79.28231304056617
B07BKSSDR2,Dr Trust Electronic Kitchen Digital Scale Weighing Machine (Blue),Health&PersonalCare|HomeMedicalSupplies&Equipment|HealthMonitors|WeighingScales|DigitalBathroomScales,Health&PersonalCare,HomeMedicalSupplies&Equipment,899.0,1900.0,53.0,4.0,3663.0,1001.0,mid,high,high,https://m.media-amazon.com/images/I/41csvHnDvES._SX300_SY300_QL70_FMwebp_.jpg,https://www.amazon.in/Dr-Trust-Electronic-Kitchen-Weighing/dp/B07BKSSDR2/ref=sr_1_265?qid=1672923605&s=kitchen&sr=1-265,1,61.727543008060984
B0B53DS4TF,"Instant Pot Air Fryer, Vortex 2QT, Touch Control Panel, 360° EvenCrisp™ Technology, Uses 95 % less Oil, 4-in-1 Appliance: Air Fry, Roast, Bake, Reheat (Vortex 1.97Litre, Black)",Home&Kitchen|Kitchen&HomeAppliances|SmallKitchenAppliances|DeepFatFryers|AirFryers,Home&Kitchen,Kitchen&HomeAppliances,4995.0,20049.0,75.0,4.8,3964.0,15054.0,premium,high,high,https://m.media-amazon.com/images/W/WEBP_402378-T1/images/I/313WfOy8VSL._SX300_SY300_QL70_FMwebp_.jpg,https://www.amazon.in/Instant-Vortex-2QT-EvenCrispTM-Technology/dp/B0B53DS4TF/ref=sr_1_316?qid=1672923609&s=kitchen&sr=1-316,1,78.47814856509594
B01LWYDEQ7,"Pigeon Polypropylene Mini Handy and Compact Chopper with 3 Blades for Effortlessly Chopping Vegetables and Fruits for Your Kitchen (12420, Green, 400 ml)",Home&Kitchen|Kitchen&Dining|KitchenTools|ManualChoppers&Chippers|Choppers,Home&Kitchen,Kitchen&Dining,199.0,495.0,60.0,4.1,270563.0,296.0,budget,high,high,https://m.media-amazon.com/images/I/41cVgYgAKpL._SX300_SY300_QL70_FMwebp_.jpg,https://www.amazon.in/Pigeon-Stovekraft-Plastic-Chopper-Blades/dp/B01LWYDEQ7/ref=sr_1_12?qid=1672923591&s=kitchen&sr=1-12,1,77.61177969256208
B0BR4F878Q,"Swiffer Instant Electric Water Heater Faucet Tap Home-Kitchen Instantaneous Water Heater Tank less for Tap, LED Electric Head Water Heaters Tail Gallon Comfort(3000W) ((Pack of 1))","Home&Kitchen|Heating,Cooling&AirQuality|WaterHeaters&Geysers|InstantWaterHeaters",Home&Kitchen,"Heating,Cooling&AirQuality",1439.0,1999.0,28.0,4.8,53803.0,560.0,mid,medium,high,https://m.media-amazon.com/images/I/41+t2HWvwFL._SY300_SX300_.jpg,https://www.amazon.in/Swiffer-Instant-Electric-Home-Kitchen-Instantaneous/dp/B0BR4F878Q/ref=sr_1_150?qid=1672923597&s=kitchen&sr=1-150,1,73.67033619783273
B08GJ57MKL,"Coway Professional Air Purifier for Home, Longest Filter Life 8500 Hrs, Green True HEPA Filter, Traps 99.99% Virus & PM 0.1 Particles, Warranty 7 Years (AirMega 150 (AP-1019C))","Home&Kitchen|Heating,Cooling&AirQuality|AirPurifiers|HEPAAirPurifiers",Home&Kitchen,"Heating,Cooling&AirQuality",14400.0,59900.0,76.0,4.4,3837.0,45500.0,luxury,high,high,https://m.media-amazon.com/images/I/51b5sh94f7L._SX300_SY300_QL70_FMwebp_.jpg,https://www.amazon.in/Coway-Professional-Purifier-Anti-Virus-AP-1019C/dp/B08GJ57MKL/ref=sr_1_195?qid=1672923600&s=kitchen&sr=1-195,1,73.31474883995588
B083GKDRKR,"Havells Aqua Plus 1.2 litre Double Wall Kettle / 304 Stainless Steel Inner Body / Cool touch outer body / Wider mouth/ 2 Year warranty (Black, 1500 Watt)",Home&Kitchen|Kitchen&HomeAppliances|SmallKitchenAppliances|Kettles&HotWaterDispensers|ElectricKettles,Home&Kitchen,Kitchen&HomeAppliances,1625.0,2995.0,46.0,4.5,23484.0,1370.0,mid,medium,high,https://m.media-amazon.com/images/I/31S74o1sCSS._SY300_SX300_QL70_FMwebp_.jpg,https://www.amazon.in/HAVELLS-Kettle-Coffee-Boiler-Stainless/dp/B083GKDRKR/ref=sr_1_30?qid=1672923591&s=kitchen&sr=1-30,1,72.0123626146143
B0BP89YBC1,Campfire Spring Chef Prolix Instant Portable Water Heater Geyser 1Ltr. for Use Home Stainless Steel Baking Rack | Restaurant | Office | Labs | Clinics | Saloon | with Installation Kit (With MCB),"Home&Kitchen|Heating,Cooling&AirQuality|WaterHeaters&Geysers|InstantWaterHeaters",Home&Kitchen,"Heating,Cooling&AirQuality",1499.0,3500.0,57.0,4.7,2591.0,2001.0,mid,high,high,https://m.media-amazon.com/images/W/WEBP_402378-T1/images/I/41hoHTbN5rL._SX300_SY300_QL70_FMwebp_.jpg,https://www.amazon.in/Spring-Chef-Stainless-Restaurant-Installation/dp/B0BP89YBC1/ref=sr_1_419?qid=1672923613&s=kitchen&sr=1-419,1,71.10376098419768
B0BM9H2NY9,Multifunctional 2 in 1 Electric Egg Boiling Steamer Egg Frying Pan Egg Boiler Electric Automatic Off with Egg Boiler Machine Non-Stick Electric Egg Frying Pan-Tiger Woods (Multy),Home&Kitchen|Kitchen&HomeAppliances|SmallKitchenAppliances|EggBoilers,Home&Kitchen,Kitchen&HomeAppliances,699.0,1599.0,56.0,4.7,2300.0,900.0,mid,high,high,https://m.media-amazon.com/images/W/WEBP_402378-T1/images/I/51IE+nI0KGL._SY300_SX300_.jpg,https://www.amazon.in/Multifunctional-Electric-Automatic-Non-Stick-Pan-Tiger/dp/B0BM9H2NY9/ref=sr_1_294?qid=1672923606&s=kitchen&sr=1-294,1,70.48654313877762
B01C8P29N0,"Bajaj DX-6 1000W Dry Iron with Advance Soleplate and Anti-bacterial German Coating Technology, White","Home&Kitchen|Kitchen&HomeAppliances|Vacuum,Cleaning&Ironing|Irons,Steamers&Accessories|Irons|DryIrons",Home&Kitchen,Kitchen&HomeAppliances,625.0,1400.0,55.0,4.2,23316.0,775.0,mid,high,high,https://m.media-amazon.com/images/W/WEBP_402378-T2/images/I/31ke2NdHJ-L._SY300_SX300_QL70_FMwebp_.jpg,https://www.amazon.in/Bajaj-Majesty-1000-Watt-Iron-White/dp/B01C8P29N0/ref=sr_1_26?qid=1672923591&s=kitchen&sr=1-26,1,70.38480356748957
B0BM4KTNL1,"FIGMENT Handheld Milk Frother Rechargeable, 3-Speed Electric Frother for Coffee with 2 Whisks and Coffee Decoration Tool, Coffee Frother Mixer, CRESCENT ENTERPRISES VRW0.50BK (A1)",Home&Kitchen|Kitchen&HomeAppliances|SmallKitchenAppliances|HandBlenders,Home&Kitchen,Kitchen&HomeAppliances,699.0,1599.0,56.0,4.7,1729.0,900.0,mid,high,high,https://m.media-amazon.com/images/I/51oN+8Zs5YL._SY300_SX300_.jpg,https://www.amazon.in/FIGMENT-Rechargeable-Decoration-ENTERPRISES-A1/dp/B0BM4KTNL1/ref=sr_1_240?qid=1672923603&s=kitchen&sr=1-240,1,69.64524053220842
B07WMS7TWB,"Pigeon by Stovekraft Amaze Plus Electric Kettle (14289) with Stainless Steel Body, 1.5 litre, used for boiling Water, making tea and coffee, instant noodles, soup etc. 1500 Watt (Silver)",Home&Kitchen|Kitchen&HomeAppliances|SmallKitchenAppliances|Kettles&HotWaterDispensers|ElectricKettles,Home&Kitchen,Kitchen&HomeAppliances,649.0,1245.0,48.0,3.9,123365.0,596.0,mid,medium,high,https://m.media-amazon.com/images/W/WEBP_402378-T1/images/I/31na34LxwmL._SX300_SY300_QL70_FMwebp_.jpg,https://www.amazon.in/Pigeon-Amaze-Plus-1-5-Ltr/dp/B07WMS7TWB/ref=sr_1_5?qid=1672923591&s=kitchen&sr=1-5,1,69.43711688532991
B07R99NBVB,"Gizga Essentials Cable Organiser, Cord Management System for PC, TV, Home Theater, Speaker & Cables, Reusable Cable Organizer for Desk, WFH Accessories, Organizer Tape Roll, Reusable Cable Ties Strap",HomeImprovement|Electrical|CordManagement,HomeImprovement,Electrical,249.0,599.0,58.0,4.5,5985.0,350.0,budget,high,high,https://m.media-amazon.com/images/I/51llGK9TR+L._SY300_SX300_.jpg,https://www.amazon.in/Essentials-Reusable-Double-Organizer-Length/dp/B07R99NBVB/ref=sr_1_444?qid=1672903017&s=computers&sr=1-444,1,71.1718793077319
B07WKBD37W,"ESnipe Mart Worldwide Travel Adapter with Build in Dual USB Charger Ports with 125V 6A, 250V Protected Electrical Plug for Laptops, Cameras (White)",HomeImprovement|Electrical|Adapters&Multi-Outlets,HomeImprovement,Electrical,425.0,999.0,57.0,4.0,2581.0,574.0,budget,high,high,https://m.media-amazon.com/images/I/31w-19-3fSL._SY300_SX300_QL70_FMwebp_.jpg,https://www.amazon.in/ESnipe-Mart-Worldwide-Protected-Electrical/dp/B07WKBD37W/ref=sr_1_242?qid=1672903007&s=computers&sr=1-242,1,61.7590258693997
B076B8G5D8,Boya ByM1 Auxiliary Omnidirectional Lavalier Condenser Microphone with 20ft Audio Cable (Black),MusicalInstruments|Microphones|Condenser,MusicalInstruments,Microphones,798.0,1995.0,60.0,4.0,68664.0,1197.0,mid,high,high,https://m.media-amazon.com/images/I/41UYenF+lnL._SX300_SY300_.jpg,https://www.amazon.in/Boya-Omnidirectional-Lavalier-Condenser-Microphone/dp/B076B8G5D8/ref=sr_1_32?qid=1672902996&s=computers&sr=1-32,1,72.23370013587535
B07JF9B592,MAONO AU-400 Lavalier Auxiliary Omnidirectional Microphone (Black),MusicalInstruments|Microphones|Condenser,MusicalInstruments,Microphones,478.0,699.0,32.0,3.8,20218.0,221.0,budget,medium,high,https://m.media-amazon.com/images/W/WEBP_402378-T1/images/I/413viCgpI+L._SY300_SX300_.jpg,https://www.amazon.in/Maono-AU-400-Lavalier-Microphone-Black/dp/B07JF9B592/ref=sr_1_237?qid=1672903006&s=computers&sr=1-237,1,58.51394882138293
B00UGZWM2I,COI Note Pad/Memo Book with Sticky Notes & Clip Holder with Pen for Gifting,"OfficeProducts|OfficePaperProducts|Paper|Stationery|Notebooks,WritingPads&Diaries|Notepads&MemoBooks",OfficeProducts,OfficePaperProducts,198.0,800.0,75.0,4.1,9344.0,602.0,budget,high,high,https://m.media-amazon.com/images/W/WEBP_402378-T1/images/I/41oLhpKArFL._SY300_SX300_QL70_FMwebp_.jpg,https://www.amazon.in/COI-Sticky-Notes-Holder-Gifting/dp/B00UGZWM2I/ref=sr_1_128?qid=1672903001&s=computers&sr=1-128,1,71.6736441618302
B00N1U7JXM,"3M Post-it Sticky Note Cube, 200 Sheets (4 Colors x 50 Sheets) | 3"" x 3"" Size | For notes, reminders, study, school and organizing","OfficeProducts|OfficePaperProducts|Paper|Stationery|Notebooks,WritingPads&Diaries|Notepads&MemoBooks",OfficeProducts,OfficePaperProducts,90.0,175.0,49.0,4.4,7429.0,85.0,budget,medium,high,https://m.media-amazon.com/images/W/WEBP_402378-T2/images/I/41yNejBMf+L._SY300_SX300_.jpg,https://www.amazon.in/Post-Cubes-sheets-colours-inches/dp/B00N1U7JXM/ref=sr_1_262_mod_primary_new?qid=1672903007&s=computers&sbo=RZvfv%2F%2FHxDF%2BO5021pAnSA%3D%3D&sr=1-262,1,68.08235277488372
B08XNL93PL,"Portronics Ruffpad 15 Re-Writable LCD Screen 38.1cm (15-inch) Writing Pad for Drawing, Playing, Handwriting Gifts for Kids & Adults (Grey)","OfficeProducts|OfficePaperProducts|Paper|Stationery|Notebooks,WritingPads&Diaries",OfficeProducts,OfficePaperProducts,1399.0,2999.0,53.0,4.3,3530.0,1600.0,mid,high,high,https://m.media-amazon.com/images/W/WEBP_402378-T1/images/I/41NxAkv7knL._SX300_SY300_QL70_FMwebp_.jpg,https://www.amazon.in/Portronics-Ruffpad-Re-Writable-15-inch-Handwriting/dp/B08XNL93PL/ref=sr_1_407?qid=1672903014&s=computers&sr=1-407,1,65.61848214953547
B00LHZW3XY,"Luxor 5 Subject Single Ruled Notebook - A5 Size, 70 GSM, 300 Pages","OfficeProducts|OfficePaperProducts|Paper|Stationery|Notebooks,WritingPads&Diaries|CompositionNotebooks",OfficeProducts,OfficePaperProducts,125.0,180.0,31.0,4.4,8053.0,55.0,budget,medium,high,https://m.media-amazon.com/images/I/41hF4CFTsGL._SX300_SY300_QL70_FMwebp_.jpg,https://www.amazon.in/Luxor-Subject-Single-Ruled-Notebook/dp/B00LHZW3XY/ref=sr_1_213_mod_primary_new?qid=1672903005&s=computers&sbo=RZvfv%2F%2FHxDF%2BO5021pAnSA%3D%3D&sr=1-213,1,63.53298633532738
B00LHZWD0C,"Luxor 5 Subject Single Ruled Notebook - A4, 70 GSM, 300 pages","OfficeProducts|OfficePaperProducts|Paper|Stationery|Notebooks,WritingPads&Diaries|CompositionNotebooks",OfficeProducts,OfficePaperProducts,252.0,315.0,20.0,4.5,3785.0,63.0,budget,medium,high,https://m.media-amazon.com/images/W/WEBP_402378-T1/images/I/51mCZQzY6SL._SX300_SY300_QL70_FMwebp_.jpg,https://www.amazon.in/Luxor-Subject-Single-Ruled-Notebook/dp/B00LHZWD0C/ref=sr_1_193?qid=1672903005&s=computers&sr=1-193,1,59.714228134044745
B00J4YG0PC,"Classmate Long Notebook - 140 Pages, Single Line, 297mm x 210mm (Pack of 12)","OfficeProducts|OfficePaperProducts|Paper|Stationery|Notebooks,WritingPads&Diaries|CompositionNotebooks",OfficeProducts,OfficePaperProducts,561.0,720.0,22.0,4.4,3182.0,159.0,mid,medium,high,https://m.media-amazon.com/images/I/41+vZl3dF7L._SY300_SX300_.jpg,https://www.amazon.in/Classmate-Long-Notebook-Cover-Single/dp/B00J4YG0PC/ref=sr_1_225?qid=1672903006&s=computers&sr=1-225,1,58.40108921814391
B00LZLPYHW,"Classmate 2100117 Soft Cover 6 Subject Spiral Binding Notebook, Single Line, 300 Pages","OfficeProducts|OfficePaperProducts|Paper|Stationery|Notebooks,WritingPads&Diaries|WireboundNotebooks",OfficeProducts,OfficePaperProducts,137.0,160.0,14.0,4.4,6537.0,23.0,budget,low,high,https://m.media-amazon.com/images/W/WEBP_402378-T2/images/I/51owoY2Xq7L._SX300_SY300_QL70_FMwebp_.jpg,https://www.amazon.in/Classmate-Premium-Subject-Notebook-Single/dp/B00LZLPYHW/ref=sr_1_153?qid=1672903002&s=computers&sr=1-153,1,58.396599613974566
B00LM4W1N2,Parker Classic Gold Gold Trim Ball Pen,"OfficeProducts|OfficePaperProducts|Paper|Stationery|Pens,Pencils&WritingSupplies|Pens&Refills|RetractableBallpointPens",OfficeProducts,OfficePaperProducts,480.0,600.0,20.0,4.3,5719.0,120.0,budget,medium,high,https://m.media-amazon.com/images/I/41Ae67XZACL._SX300_SY300_QL70_FMwebp_.jpg,https://www.amazon.in/Parker-Classic-Gold-Ball-Pen/dp/B00LM4W1N2/ref=sr_1_197?qid=1672903005&s=computers&sr=1-197,1,58.26475507171573
B00AXHBBXU,"Casio FX-82MS 2nd Gen Non-Programmable Scientific Calculator, 240 Functions and 2-line Display, Black",OfficeProducts|OfficeElectronics|Calculators|Scientific,OfficeProducts,OfficeElectronics,522.0,550.0,5.0,4.4,12179.0,28.0,mid,low,high,https://m.media-amazon.com/images/I/41LcHKyVl9L._SX300_SY300_QL70_FMwebp_.jpg,https://www.amazon.in/Casio-Non-Programmable-Scientific-Calculator-Functions/dp/B00AXHBBXU/ref=sr_1_79?qid=1672902998&s=computers&sr=1-79,1,57.83814053095507
B00LZLQ624,"Classmate Soft Cover 6 Subject Spiral Binding Notebook, Single Line, 300 Pages","OfficeProducts|OfficePaperProducts|Paper|Stationery|Notebooks,WritingPads&Diaries|WireboundNotebooks",OfficeProducts,OfficePaperProducts,157.0,160.0,2.0,4.5,8618.0,3.0,budget,low,high,https://m.media-amazon.com/images/I/419KXo-7kDL._SX300_SY300_QL70_FMwebp_.jpg,https://www.amazon.in/Classmate-Premium-Subject-Notebook-Single/dp/B00LZLQ624/ref=sr_1_108?qid=1672903000&s=computers&sr=1-108,1,57.35353972116125
B00DJ5N9VK,Faber-Castell Connector Pen Set - Pack of 25 (Assorted),Toys&Games|Arts&Crafts|Drawing&PaintingSupplies|ColouringPens&Markers,Toys&Games,Arts&Crafts,150.0,150.0,0.0,4.3,15867.0,0.0,budget,low,high,https://m.media-amazon.com/images/I/41rJGx-w9iL._SX300_SY300_QL70_FMwebp_.jpg,https://www.amazon.in/Faber-Castell-Connector-Pen-Set-Assorted/dp/B00DJ5N9VK/ref=sr_1_381?qid=1672903013&s=computers&sr=1-381,1,55.955226256635804
